<?xml version='1.0' encoding='UTF-8'?>
<project>
  <actions/>
  <description>AppPackerjob</description>
  <keepDependencies>false</keepDependencies>
  <properties/>
  <scm class="hudson.plugins.git.GitSCM" plugin="git@3.5.1">
    <configVersion>2</configVersion>
    <userRemoteConfigs>
      <hudson.plugins.git.UserRemoteConfig>
        <url>https://github.com/sysgain/MSOSS.git</url>
      </hudson.plugins.git.UserRemoteConfig>
    </userRemoteConfigs>
    <branches>
      <hudson.plugins.git.BranchSpec>
        <name>*/staging</name>
      </hudson.plugins.git.BranchSpec>
    </branches>
    <doGenerateSubmoduleConfigurations>false</doGenerateSubmoduleConfigurations>
    <submoduleCfg class="list"/>
    <extensions/>
  </scm>
  <canRoam>true</canRoam>
  <disabled>false</disabled>
  <blockBuildWhenDownstreamBuilding>false</blockBuildWhenDownstreamBuilding>
  <blockBuildWhenUpstreamBuilding>false</blockBuildWhenUpstreamBuilding>
  <triggers/>
  <concurrentBuild>false</concurrentBuild>
  <builders/>
  <publishers>
    <biz.neustar.jenkins.plugins.packer.PackerPublisher plugin="packer@1.4">
      <name>Packer 1.1.0</name>
      <jsonTemplate>/var/lib/jenkins/workspace/AppPackerjob/Packer/AppPackerjob.json</jsonTemplate>
      <jsonTemplateText></jsonTemplateText>
      <params> </params>
      <useDebug>false</useDebug>
      <changeDir></changeDir>
      <templateMode>file</templateMode>
    </biz.neustar.jenkins.plugins.packer.PackerPublisher>
  </publishers>
  <buildWrappers/>
</project>
