<?xml version='1.0' encoding='UTF-8'?>
<biz.neustar.jenkins.plugins.packer.PackerPublisher_-DescriptorImpl plugin="packer@1.4">
  <installations>
    <biz.neustar.jenkins.plugins.packer.PackerInstallation>
      <name>Packer 1.1.0</name>
      <home></home>
      <properties>
        <hudson.tools.InstallSourceProperty>
          <installers>
            <biz.neustar.jenkins.plugins.packer.PackerInstaller>
              <id>1.1.0-linux-amd64</id>
            </biz.neustar.jenkins.plugins.packer.PackerInstaller>
          </installers>
        </hudson.tools.InstallSourceProperty>
      </properties>
      <packerHome></packerHome>
      <params></params>
      <jsonTemplate></jsonTemplate>
      <templateModeJsonObj>
        <nullObject>false</nullObject>
        <properties class="org.apache.commons.collections.map.ListOrderedMap" serialization="custom">
          <unserializable-parents/>
          <org.apache.commons.collections.map.ListOrderedMap>
            <default>
              <insertOrder>
                <string>value</string>
                <string>jsonTemplate</string>
              </insertOrder>
            </default>
            <map>
              <entry>
                <string>value</string>
                <string>file</string>
              </entry>
              <entry>
                <string>jsonTemplate</string>
                <string></string>
              </entry>
            </map>
          </org.apache.commons.collections.map.ListOrderedMap>
        </properties>
      </templateModeJsonObj>
      <templateMode>file</templateMode>
    </biz.neustar.jenkins.plugins.packer.PackerInstallation>
  </installations>
</biz.neustar.jenkins.plugins.packer.PackerPublisher_-DescriptorImpl>