<?xml version='1.0' encoding='UTF-8'?>
<org.jenkinsci.plugins.terraform.TerraformBuildWrapper_-DescriptorImpl plugin="terraform@1.0.9">
  <installations>
    <org.jenkinsci.plugins.terraform.TerraformInstallation>
      <name>Terraform 0.9.11</name>
      <home></home>
      <properties>
        <hudson.tools.InstallSourceProperty>
          <installers>
            <org.jenkinsci.plugins.terraform.TerraformInstaller>
              <id>0.9.11-linux-amd64</id>
            </org.jenkinsci.plugins.terraform.TerraformInstaller>
          </installers>
        </hudson.tools.InstallSourceProperty>
      </properties>
    </org.jenkinsci.plugins.terraform.TerraformInstallation>
  </installations>
</org.jenkinsci.plugins.terraform.TerraformBuildWrapper_-DescriptorImpl>
