<?xml version='1.0' encoding='UTF-8'?>
<project>
  <actions/>
  <description>VM Scale sets job</description>
  <keepDependencies>false</keepDependencies>
  <properties/>
  <scm class="hudson.plugins.git.GitSCM" plugin="git@3.5.1">
    <configVersion>2</configVersion>
    <userRemoteConfigs>
      <hudson.plugins.git.UserRemoteConfig>
        <url>https://github.com/sysgain/MSOSS.git</url>
        <credentialsId></credentialsId>
      </hudson.plugins.git.UserRemoteConfig>
    </userRemoteConfigs>
    <branches>
      <hudson.plugins.git.BranchSpec>
        <name>*/staging</name>
      </hudson.plugins.git.BranchSpec>
    </branches>
    <doGenerateSubmoduleConfigurations>false</doGenerateSubmoduleConfigurations>
    <submoduleCfg class="list"/>
    <extensions/>
  </scm>
  <canRoam>true</canRoam>
  <disabled>false</disabled>
  <blockBuildWhenDownstreamBuilding>false</blockBuildWhenDownstreamBuilding>
  <blockBuildWhenUpstreamBuilding>false</blockBuildWhenUpstreamBuilding>
  <triggers/>
  <concurrentBuild>false</concurrentBuild>
  <builders/>
  <publishers/>
  <buildWrappers>
    <hudson.plugins.ws__cleanup.PreBuildCleanup plugin="ws-cleanup@0.34">
      <deleteDirs>false</deleteDirs>
      <cleanupParameter></cleanupParameter>
      <externalDelete></externalDelete>
    </hudson.plugins.ws__cleanup.PreBuildCleanup>
    <org.jenkinsci.plugins.terraform.TerraformBuildWrapper plugin="terraform@1.0.9">
      <variables> </variables>
      <doDestroy>false</doDestroy>
      <doGetUpdate>true</doGetUpdate>
      <doNotApply>false</doNotApply>
      <config>
        <value>file</value>
        <fileConfig>/var/lib/jenkins/workspace/VMSSJob/Terraform/Appvmss</fileConfig>
        <mode>FILE</mode>
      </config>
      <terraformInstallation>Terraform 0.9.11</terraformInstallation>
    </org.jenkinsci.plugins.terraform.TerraformBuildWrapper>
  </buildWrappers>
</project>
