{
    "$schema": "http://schema.management.azure.com/schemas/2015-01-01/deploymentTemplate.json",
    "contentVersion": "1.0.0.0",
    "parameters": {
        "jenkinsSettings": {
            "type": "object"
        },
        "apiVersions": {
            "type": "object"
        },
        "networkSettings": {
            "type": "object"
        },
        "storageAccountKey": {
            "type": "securestring"
        },
        "packerStorageAccountName": {
            "type": "string"
        },
        "baseUrl": {
            "type": "string"
        },
        "deploymentApiVersion": {
            "type": "string"
        },
        "resourceGroupName": {
            "type": "string"
        },
        "AzureSubscriptionId": {
            "type": "string"
        },
        "AzureApplicationId": {
            "type": "string"
        },
        "AzureClientSecret": {
            "type": "string"
        },
        "AzureTenantId": {
            "type": "string"
        }
    },
    "variables": {
        "sasToken": "",
        "vnetId": "[resourceId('Microsoft.Network/virtualNetworks', parameters('networkSettings').virtualNetworkName)]",
        "subnetRef": "[concat(variables('vnetId'), '/subnets/', parameters('networkSettings').subnet1Name)]",
        "sshKeyPath": "[concat('/home/',parameters('jenkinsSettings').adminUsername,'/.ssh/authorized_keys')]",
        "osProfilesshPublicKey": {
            "computerName": "[parameters('jenkinsSettings').jenkinsVmName]",
            "adminUsername": "[parameters('jenkinsSettings').adminUsername]",
            "linuxConfiguration": {
                "disablePasswordAuthentication": true,
                "ssh": {
                    "publicKeys": [
                        {
                            "path": "[variables('sshKeyPath')]",
                            "keyData": "[parameters('jenkinsSettings').sshPublicKey]"
                        }
                    ]
                }
            }
        },
        "osProfileReference": "[variables(concat('osProfile', parameters('jenkinsSettings').authenticationType))]"
    },
    "resources": [
        {
            "type": "Microsoft.Storage/storageAccounts",
            "name": "[parameters('jenkinsSettings').jenkinsDiagnosticsStorageAccountName]",
            "apiVersion": "[parameters('apiVersions').storageApiVersion]",
            "location": "[parameters('jenkinsSettings').location]",
            "sku": {
                "name": "Standard_LRS"
            },
            "kind": "Storage",
            "properties": {}
        },
        {
            "name": "[parameters('jenkinsSettings').jenkinsPipName]",
            "type": "Microsoft.Network/publicIpAddresses",
            "apiVersion": "[parameters('apiVersions').networkApiVersion]",
            "location": "[parameters('jenkinsSettings').location]",
            "properties": {
                "publicIpAllocationMethod": "[parameters('jenkinsSettings').publicIpAddressType]",
                "dnsSettings": {
                    "domainNameLabel": "[parameters('jenkinsSettings').jenkinsDnsLabelPrefix]"
                }
            }
        },
        {
            "name": "[parameters('jenkinsSettings').jenkinsNicName]",
            "type": "Microsoft.Network/networkInterfaces",
            "apiVersion": "[parameters('apiVersions').networkApiVersion]",
            "location": "[parameters('jenkinsSettings').location]",
            "dependsOn": [
                "[concat('Microsoft.Network/publicIpAddresses/', parameters('jenkinsSettings').jenkinsPipName)]"
            ],
            "properties": {
                "ipConfigurations": [
                    {
                        "name": "ipconfig1",
                        "properties": {
                            "privateIpAddress": "[parameters('jenkinsSettings').jenkinsVmPrivateIP]",
                            "privateIPAllocationMethod": "Static",
                            "publicIpAddress": {
                                "id": "[resourceId('Microsoft.Network/publicIpAddresses', parameters('jenkinsSettings').jenkinsPipName)]"
                            },
                            "subnet": {
                                "id": "[variables('subnetRef')]"
                            }
                        }
                    }
                ]
            }
        },
        {
            "name": "[parameters('jenkinsSettings').jenkinsVmName]",
            "type": "Microsoft.Compute/virtualMachines",
            "apiVersion": "[parameters('apiVersions').computeApiVersion]",
            "location": "[parameters('jenkinsSettings').location]",
            "dependsOn": [
                "[concat('Microsoft.Storage/storageAccounts/', parameters('jenkinsSettings').jenkinsDiagnosticsStorageAccountName)]",
                "[concat('Microsoft.Network/networkInterfaces/', parameters('jenkinsSettings').jenkinsNicName)]"
            ],
            "properties": {
                "osProfile": "[variables('osProfileReference')]",
                "hardwareProfile": {
                    "vmSize": "[parameters('jenkinsSettings').jenkinsVmSize]"
                },
                "storageProfile": {
                    "imageReference": {
                        "offer": "UbuntuServer",
                        "publisher": "Canonical",
                        "sku": "[parameters('jenkinsSettings').ubuntuSku]",
                        "version": "latest"
                    },
                    "osDisk": {
                        "createOption": "fromImage",
                        "managedDisk": {
                            "storageAccountType": "Premium_LRS"
                        }
                    },
                    "dataDisks": []
                },
                "networkProfile": {
                    "networkInterfaces": [
                        {
                            "id": "[resourceId('Microsoft.Network/networkInterfaces', parameters('jenkinsSettings').jenkinsNicName)]"
                        }
                    ]
                },
                "diagnosticsProfile": {
                    "bootDiagnostics": {
                        "enabled": true,
                        "storageUri": "[reference(resourceId('Microsoft.Storage/storageAccounts', parameters('jenkinsSettings').jenkinsDiagnosticsStorageAccountName)).primaryEndpoints.blob]"
                    }
                }
            }
        },
        {
            "name": "[concat(parameters('jenkinsSettings').jenkinsVmName, '/Init')]",
            "type": "Microsoft.Compute/virtualMachines/extensions",
            "apiVersion": "[parameters('apiVersions').computeApiVersion]",
            "location": "[parameters('jenkinsSettings').location]",
            "dependsOn": [
                "[concat('Microsoft.Compute/virtualMachines/', parameters('jenkinsSettings').jenkinsVmName)]"
            ],
            "properties": {
                "publisher": "Microsoft.Azure.Extensions",
                "type": "CustomScript",
                "typeHandlerVersion": "2.0",
                "autoUpgradeMinorVersion": true,
                "settings": {
                    "fileUris": [
                        "[concat(parameters('jenkinsSettings').installJenkinsScriptUrl)]"
                    ]
                },
                "protectedSettings": {
                    "commandToExecute": "[concat('./' , parameters('jenkinsSettings').installJenkinsScriptName, ' -jf \"', reference(parameters('jenkinsSettings').jenkinsPipName).dnsSettings.fqdn, '\" -pi \"', parameters('jenkinsSettings').jenkinsVmPrivateIP, '\" -jrt \"', parameters('jenkinsSettings').jenkinsReleaseType , '\" -al \"', parameters('jenkinsSettings').baseUrl, '\" -st \"', variables('sasToken'), '\"' )]"
                }
            }
        },
        {
            "type": "Microsoft.Resources/deployments",
            "name": "Extension",
            "apiVersion": "[parameters('deploymentApiVersion')]",
            "dependsOn": [
                "[concat('Microsoft.Compute/virtualMachines/', parameters('jenkinsSettings').jenkinsVmName)]",
                "[concat('Microsoft.Compute/virtualMachines/', parameters('jenkinsSettings').jenkinsVmName,'/extensions/Init')]"
            ],
            "properties": {
                "mode": "Incremental",
                "templateLink": {
                    "uri": "[concat(parameters('baseUrl'),'nested/jenkins-jobs.json')]",
                    "contentVersion": "1.0.0.0"
                },
                "parameters": {
                    "apiVersions": {
                        "value": "[parameters('apiVersions')]"
                    },
                    "networkSettings": {
                        "value": "[parameters('networkSettings')]"
                    },
                    "jenkinsSettings": {
                        "value": "[parameters('jenkinsSettings')]"
                    },
                    "resourceGroupName": {
                        "value": "[parameters('resourceGroupName')]"
                    },
                    "AzureSubscriptionId": {
                        "value": "[parameters('AzureSubscriptionId')]"
                    },
                    "AzureApplicationId": {
                        "value": "[parameters('AzureApplicationId')]"
                    },
                    "AzureClientSecret": {
                        "value": "[parameters('AzureClientSecret')]"
                    },
                    "AzureTenantId": {
                        "value": "[parameters('AzureTenantId')]"
                    },
                    "packerStorageAccountName": {
                        "value": "[parameters('packerStorageAccountName')]"
                    }
                }
            }
        }
    ],
    "outputs": {
        "jenkinsDNS": {
            "type": "string",
            "value": "[reference(parameters('jenkinsSettings').jenkinsPipName).dnsSettings.fqdn]"
        }
    }
}