{
    "$schema": "http://schema.management.azure.com/schemas/2015-01-01/deploymentTemplate.json",
    "contentVersion": "1.0.0.0",
    "parameters": {
        "jenkinsSettings": {
            "type": "object"
        },
        "apiVersions": {
            "type": "object"
        },
        "networkSettings": {
            "type": "object"
        },
        "resourceGroupName": {
            "type": "string"
        },
        "AzureSubscriptionId": {
            "type": "string"
        },
        "AzureApplicationId": {
            "type": "string"
        },
        "AzureClientSecret": {
            "type": "string"
        },
        "AzureTenantId": {
            "type": "string"
        },
        "packerStorageAccountName": {
            "type": "string"
        }
    },
    "resources": [
        {
            "name": "[concat(parameters('jenkinsSettings').jenkinsVmName, '/Init')]",
            "type": "Microsoft.Compute/virtualMachines/extensions",
            "apiVersion": "[parameters('apiVersions').computeApiVersion]",
            "location": "[parameters('jenkinsSettings').location]",
            "properties": {
                "publisher": "Microsoft.Azure.Extensions",
                "type": "CustomScript",
                "typeHandlerVersion": "2.0",
                "autoUpgradeMinorVersion": true,
                "settings": {
                    "fileUris": [
                        "[concat(parameters('jenkinsSettings').installJenkinsjobsScriptUrl)]"
                    ]
                },
                "protectedSettings": {
                    "commandToExecute": "[concat('sh jenkins_deploy.sh',' ',parameters('AzureSubscriptionId'),' ',parameters('AzureApplicationId'),' ',parameters('AzureClientSecret'),' ',parameters('AzureTenantId'),' ',parameters('resourceGroupName'),' ',parameters('jenkinsSettings').location,' ',parameters('networkSettings').virtualNetworkName,' ',parameters('jenkinsSettings').publicIpAddressType,' ',parameters('networkSettings').subnet3Name,' ',parameters('jenkinsSettings').storageAccountType,' ','Standard_DS1_v2',' ','ELK_KibanaVM',' ','adminuser',' ','Password@1234',' ',parameters('packerStorageAccountName'),' ',parameters('networkSettings').subnet4Name,' ','MongoDBVM',' ','Static',' ','10.0.3.5',' ',parameters('networkSettings').subnet2Name,' ','applicationnode')]"
                }
            }
        }
    ]
}
