{
    "$schema": "http://schema.management.azure.com/schemas/2015-01-01/deploymentTemplate.json",
    "contentVersion": "1.0.0.0",
    "parameters": {
        "adminUsername": {
            "type": "string",
            "defaultValue": "",
            "metadata": {
                "description": "user name for the virtual machines."
            }
        },
        "authenticationType": {
            "type": "string",
            "defaultValue": "sshPublicKey",
            "allowedValues": [
                "sshPublicKey"
            ]
        },
        "sshPublicKey": {
            "type": "string",
            "defaultValue": "",
            "metadata": {
                "description": "generate ssh public key"
            }
        },
        "jenkinsVmSize": {
            "type": "string",
            "defaultValue": "Standard_DS2_v2",
            "metadata": {
                "description": "vm size"
            }
        },
        "buildInstanceVmSize": {
            "type": "string",
            "defaultValue": "Standard_DS1_v2",
            "metadata": {
                "description": "vm size"
            }
        },
        "AzureSubscriptionId": {
            "type": "string",
            "defaultValue": "",
            "metadata": {
                "description": "Azure subscription id"
            }
        },
        "AzureApplicationId": {
            "type": "securestring",
            "defaultValue": "",
            "metadata": {
                "description": "ad application id"
            }
        },
        "AzureClientSecret": {
            "type": "securestring",
            "defaultValue": "",
            "metadata": {
                "description": "ad clientsecret"
            }
        },
        "AzureTenantId": {
            "type": "string",
            "defaultValue": "",
            "metadata": {
                "description": "Azure tenant id"
            }
        }
    },
    "variables": {
        "apiVersions": {
            "deploymentApiVersion": "[variables('deploymentApiVersion')]",
            "computeApiVersion": "2016-04-30-preview",
            "networkApiVersion": "2016-09-01",
            "storageApiVersion": "2016-01-01"
        },
        "networkSettings": {
            "location": "[variables('location')]",
            "networkApiVersion": "2016-03-30",
            "virtualNetworkName": "OSS",
            "addressPrefix": "10.0.0.0/16",
            "subnet1Name": "Jenkins",
            "subnet1Prefix": "10.0.0.0/24",
            "subnet2Name": "Applicationnode",
            "subnet2Prefix": "10.0.1.0/24",
            "subnet3Name": "ELK",
            "subnet3Prefix": "10.0.2.0/24",
            "subnet4Name": "DB",
            "subnet4Prefix": "10.0.3.0/24"
        },
        "jenkinsSettings": {
            "location": "[variables('location')]",
            "jenkinsDiagnosticsStorageAccountName": "[concat('jenkinsstrg',variables('suffix'))]",
            "jenkinsPipName": "jenkins-pip",
            "publicIpAddressType": "[variables('publicIpAddressType')]",
            "jenkinsDnsLabelPrefix": "[concat('jenkinsserver',variables('suffix'))]",
            "jenkinsfrontEndNSGName": "jenkins-nsg",
            "jenkinsNicName": "jenkins-nic",
            "jenkinsVmPrivateIP": "10.0.0.5",
            "jenkinsVmName": "jenkinsserver",
            "adminUsername": "[parameters('adminUsername')]",
            "authenticationType": "[parameters('authenticationType')]",
            "sshPublicKey": "[parameters('sshPublicKey')]",
            "jenkinsVmSize": "[parameters('jenkinsVmSize')]",
            "ubuntuSku": "16.04-LTS",
            "storageAccountType": "Standard_LRS",
            "installJenkinsScriptName": "install_jenkins.sh",
            "jenkinsReleaseType": "LTS",
            "baseUrl": "[variables('baseUrl')]",
            "installJenkinsScriptUrl": "[concat(variables('baseUrl'),'scripts/install_jenkins.sh')]",
            "installJenkinsjobsScriptUrl": "[concat(variables('baseUrl'),'scripts/jenkins_deploy.sh')]"
        },
        "buildInstanceSettings": {
            "location": "[variables('location')]",
            "buildInstanceDiagnosticsStorageAccountName": "[concat('buildstrg',variables('suffix'))]",
            "buildInstancePipName": "build-pip",
            "publicIpAddressType": "[variables('publicIpAddressType')]",
            "buildInstanceDnsLabelPrefix": "[concat('buildserver',variables('suffix'))]",
            "buildInstanceNsgName": "build-nsg",
            "buildInstanceNicName": "build-nic",
            "buildInstanceVmName": "buildinstance",
            "adminUsername": "[parameters('adminUsername')]",
            "authenticationType": "[parameters('authenticationType')]",
            "sshPublicKey": "[parameters('sshPublicKey')]",
            "buildInstanceVmSize": "[parameters('buildInstanceVmSize')]",
            "ubuntuSku": "16.04-LTS",
            "buildScriptUrl": "[concat(variables('baseUrl'),'scripts/build.sh')]"
        },
        "resourceGroupName": "[resourceGroup().name]",
        "packerStorageAccountName": "[concat('packerstrg',variables('suffix'))]",
        "publicIpAddressType": "Dynamic",
        "location": "[resourceGroup().location]",
        "deploymentApiVersion": "2016-02-01",
        "suffix": "[substring(uniqueString(resourceGroup().id), 0, 5)]",
        "baseUrl": "https://raw.githubusercontent.com/sysgain/MSOSS/staging/"
    },
    "resources": [
        {
            "type": "Microsoft.Storage/storageAccounts",
            "name": "[variables('packerStorageAccountName')]",
            "apiVersion": "[variables('apiVersions').storageApiVersion]",
            "location": "[variables('location')]",
            "sku": {
                "name": "Standard_LRS"
            },
            "kind": "Storage",
            "properties": {}
        },
        {
            "name": "[variables('jenkinsSettings').jenkinsfrontEndNSGName]",
            "type": "Microsoft.Network/networkSecurityGroups",
            "apiVersion": "[variables('apiVersions').networkApiVersion]",
            "location": "[variables('jenkinsSettings').location]",
            "properties": {
                "securityRules": [
                    {
                        "name": "ssh-rule",
                        "properties": {
                            "access": "Allow",
                            "description": "Allow SSH",
                            "destinationAddressPrefix": "*",
                            "destinationPortRange": "22",
                            "direction": "Inbound",
                            "priority": 100,
                            "protocol": "Tcp",
                            "sourceAddressPrefix": "Internet",
                            "sourcePortRange": "*"
                        }
                    },
                    {
                        "name": "http-rule",
                        "properties": {
                            "access": "Allow",
                            "description": "Allow HTTP",
                            "destinationAddressPrefix": "*",
                            "destinationPortRange": "80",
                            "direction": "Inbound",
                            "priority": 101,
                            "protocol": "Tcp",
                            "sourceAddressPrefix": "Internet",
                            "sourcePortRange": "*"
                        }
                    },
                    {
                        "name": "Port_8080",
                        "properties": {
                            "access": "Allow",
                            "description": "Allow",
                            "destinationAddressPrefix": "*",
                            "destinationPortRange": "8080",
                            "direction": "Inbound",
                            "priority": 102,
                            "protocol": "Tcp",
                            "sourceAddressPrefix": "Internet",
                            "sourcePortRange": "*"
                        }
                    }
                ]
            }
        },
        {
            "type": "Microsoft.Network/virtualNetworks",
            "name": "[variables('networkSettings').virtualNetworkName]",
            "apiVersion": "[variables('apiVersions').networkApiVersion]",
            "location": "[variables('networkSettings').location]",
            "dependsOn": [
                "[concat('Microsoft.Storage/storageAccounts/', variables('packerStorageAccountName'))]",
                "[concat('Microsoft.Network/networkSecurityGroups/', variables('jenkinsSettings').jenkinsfrontEndNSGName)]"
            ],
            "properties": {
                "addressSpace": {
                    "addressPrefixes": [
                        "[variables('networkSettings').addressPrefix]"
                    ]
                },
                "subnets": [
                    {
                        "name": "[variables('networkSettings').subnet1Name]",
                        "properties": {
                            "addressPrefix": "[variables('networkSettings').subnet1Prefix]",
                            "networkSecurityGroup": {
                                "id": "[resourceId('Microsoft.Network/networkSecurityGroups', variables('jenkinsSettings').jenkinsfrontEndNSGName)]"
                            }
                        }
                    },
                    {
                        "name": "[variables('networkSettings').subnet2Name]",
                        "properties": {
                            "addressPrefix": "[variables('networkSettings').subnet2Prefix]"
                        }
                    },
                    {
                        "name": "[variables('networkSettings').subnet3Name]",
                        "properties": {
                            "addressPrefix": "[variables('networkSettings').subnet3Prefix]"
                        }
                    },
                    {
                        "name": "[variables('networkSettings').subnet4Name]",
                        "properties": {
                            "addressPrefix": "[variables('networkSettings').subnet4Prefix]"
                        }
                    }
                ]
            }
        },
        {
            "type": "Microsoft.Resources/deployments",
            "name": "Jenkins",
            "apiVersion": "[variables('deploymentApiVersion')]",
            "dependsOn": [
                "[concat('Microsoft.Network/networkSecurityGroups/', variables('jenkinsSettings').jenkinsfrontEndNSGName)]",
                "[concat('Microsoft.Network/virtualNetworks/',variables('networkSettings').virtualNetworkName)]"
            ],
            "properties": {
                "mode": "Incremental",
                "templateLink": {
                    "uri": "[concat(variables('baseUrl'),'nested/jenkins.json')]",
                    "contentVersion": "1.0.0.0"
                },
                "parameters": {
                    "jenkinsSettings": {
                        "value": "[variables('jenkinsSettings')]"
                    },
                    "apiVersions": {
                        "value": "[variables('apiVersions')]"
                    },
                    "networkSettings": {
                        "value": "[variables('networkSettings')]"
                    },
                    "storageAccountKey": {
                        "value": "[listKeys(resourceId('Microsoft.Storage/storageAccounts', variables('packerStorageAccountName')), variables('apiVersions').storageApiVersion).keys[0].value]"
                    },
                    "packerStorageAccountName": {
                        "value": "[variables('packerStorageAccountName')]"
                    },
                    "resourceGroupName": {
                        "value": "[variables('resourceGroupName')]"
                    },
                    "AzureSubscriptionId": {
                        "value": "[parameters('AzureSubscriptionId')]"
                    },
                    "AzureApplicationId": {
                        "value": "[parameters('AzureApplicationId')]"
                    },
                    "AzureClientSecret": {
                        "value": "[parameters('AzureClientSecret')]"
                    },
                    "AzureTenantId": {
                        "value": "[parameters('AzureTenantId')]"
                    },
                    "deploymentApiVersion": {
                        "value": "[variables('deploymentApiVersion')]"
                    },
                    "baseUrl": {
                        "value": "[variables('baseUrl')]"
                    }
                }
            }
        },
        {
            "type": "Microsoft.Resources/deployments",
            "name": "BuildInstance",
            "apiVersion": "[variables('deploymentApiVersion')]",
            "dependsOn": [
                "[concat('Microsoft.Network/virtualNetworks/',variables('networkSettings').virtualNetworkName)]"
            ],
            "properties": {
                "mode": "Incremental",
                "templateLink": {
                    "uri": "[concat(variables('baseUrl'),'nested/build-instance.json')]",
                    "contentVersion": "1.0.0.0"
                },
                "parameters": {
                    "buildInstanceSettings": {
                        "value": "[variables('buildInstanceSettings')]"
                    },
                    "apiVersions": {
                        "value": "[variables('apiVersions')]"
                    },
                    "networkSettings": {
                        "value": "[variables('networkSettings')]"
                    },
                    "AzureSubscriptionId": {
                        "value": "[parameters('AzureSubscriptionId')]"
                    },
                    "AzureApplicationId": {
                        "value": "[parameters('AzureApplicationId')]"
                    },
                    "AzureClientSecret": {
                        "value": "[parameters('AzureClientSecret')]"
                    },
                    "AzureTenantId": {
                        "value": "[parameters('AzureTenantId')]"
                    },
                    "packerStorageAccName": {
                        "value": "[variables('packerStorageAccountName')]"
                    }
                }
            }
        }
    ],
    "outputs": {
        "ResourceGroupName": {
            "type": "string",
            "value": "[variables('resourceGroupName')]"
        },
        "VirtualNetworkName": {
            "type": "string",
            "value": "[variables('networkSettings').virtualNetworkName]"
        },
        "JenkinsFQDN": {
            "type": "string",
            "value": "[reference('Jenkins').outputs.jenkinsDNS.value]"
        },
        "JenkinsWebUIURL": {
            "type": "string",
            "value": "[concat(reference('Jenkins').outputs.jenkinsDNS.value,':8080')]"
        },
        "kibanaWebUIUsername": {
            "type": "string",
            "value": "admin"
        },
        "KibanaWebUIPassword": {
            "type": "string",
            "value": "Password4321"
        },
        "StorageAccountName": {
            "type": "string",
            "value": "[variables('packerStorageAccountName')]"
        },
        "BuildinstanceFQDN": {
            "type": "string",
            "value": "[reference('BuildInstance').outputs.buildInstanceDNS.value]"
        },
        "buildInstanceUsername": {
            "type": "string",
            "value": "[variables('buildInstanceSettings').adminUsername]"
        }
    }
}
